{"cameraMode":{"drawMode":0,"name":"Shaded","section":"Shading Mode"},"sceneLighting":false,"audioPlay":false,"sceneViewState":{"m_AlwaysRefresh":false,"showFog":true,"showSkybox":false,"showFlares":true,"showImageEffects":true,"showParticleSystems":true,"showVisualEffectGraphs":true,"m_FxEnabled":true},"in2DMode":false,"pivot":{"x":0.000002384185791015625,"y":0.16353513300418855,"z":9.5367431640625e-7},"rotation":{"x":-0.1191353127360344,"y":-0.8504174947738648,"z":0.22105112671852113,"w":-0.462666779756546},"size":10.607856750488282,"orthographic":false}