{"cameraMode":{"drawMode":0,"name":"Shaded","section":"Shading Mode"},"sceneLighting":false,"audioPlay":false,"sceneViewState":{"m_AlwaysRefresh":false,"showFog":true,"showSkybox":false,"showFlares":true,"showImageEffects":true,"showParticleSystems":true,"showVisualEffectGraphs":true,"m_FxEnabled":true},"in2DMode":false,"pivot":{"x":5.960464477539063e-8,"y":0.4728391766548157,"z":0.0000011622905731201172},"rotation":{"x":-0.02191506326198578,"y":-0.949566662311554,"z":0.3065203130245209,"w":-0.06527984142303467},"size":0.6104279160499573,"orthographic":false}