{"cameraMode":{"drawMode":0,"name":"Shaded","section":"Shading Mode"},"sceneLighting":false,"audioPlay":false,"sceneViewState":{"m_AlwaysRefresh":false,"showFog":true,"showSkybox":false,"showFlares":true,"showImageEffects":true,"showParticleSystems":true,"showVisualEffectGraphs":true,"m_FxEnabled":true},"in2DMode":false,"pivot":{"x":-0.05000019073486328,"y":8.970001220703125,"z":0.029996871948242189},"rotation":{"x":-0.1191353127360344,"y":-0.8504174947738648,"z":0.22105112671852113,"w":-0.462666779756546},"size":38.410186767578128,"orthographic":false}