{"cameraMode":{"drawMode":0,"name":"Shaded","section":"Shading Mode"},"sceneLighting":true,"audioPlay":false,"sceneViewState":{"m_AlwaysRefresh":false,"showFog":true,"showSkybox":false,"showFlares":true,"showImageEffects":true,"showParticleSystems":true,"showVisualEffectGraphs":true,"m_FxEnabled":true},"in2DMode":false,"pivot":{"x":-0.00000762939453125,"y":5.33629035949707,"z":-0.0000019073486328125},"rotation":{"x":-0.1446581929922104,"y":0.1088244616985321,"z":-0.016573255881667138,"w":-0.9835249781608582},"size":63.28191375732422,"orthographic":false}