{"cameraMode":{"drawMode":0,"name":"Shaded","section":"Shading Mode"},"sceneLighting":false,"audioPlay":false,"sceneViewState":{"m_AlwaysRefresh":false,"showFog":true,"showSkybox":false,"showFlares":true,"showImageEffects":true,"showParticleSystems":true,"showVisualEffectGraphs":true,"m_FxEnabled":true},"in2DMode":false,"pivot":{"x":-0.029427528381347657,"y":5.843800067901611,"z":0.000009298324584960938},"rotation":{"x":-0.1191353127360344,"y":-0.8504174947738648,"z":0.22105112671852113,"w":-0.462666779756546},"size":8.869159698486329,"orthographic":false}