{"cameraMode":{"drawMode":0,"name":"Shaded","section":"Shading Mode"},"sceneLighting":false,"audioPlay":false,"sceneViewState":{"m_AlwaysRefresh":false,"showFog":true,"showSkybox":false,"showFlares":true,"showImageEffects":true,"showParticleSystems":true,"showVisualEffectGraphs":true,"m_FxEnabled":true},"in2DMode":false,"pivot":{"x":0.0000019073486328125,"y":0.2645135521888733,"z":-9.5367431640625e-7},"rotation":{"x":0.011952400207519532,"y":-0.9157054424285889,"z":0.40106943249702456,"w":0.02926664426922798},"size":17.309499740600587,"orthographic":false}