{"cameraMode":{"drawMode":0,"name":"Shaded","section":"Shading Mode"},"sceneLighting":false,"audioPlay":false,"sceneViewState":{"m_AlwaysRefresh":false,"showFog":true,"showSkybox":false,"showFlares":true,"showImageEffects":true,"showParticleSystems":true,"showVisualEffectGraphs":true,"m_FxEnabled":true},"in2DMode":false,"pivot":{"x":-9.5367431640625e-7,"y":0.4638107419013977,"z":0.000009417533874511719},"rotation":{"x":0.2872660756111145,"y":0.3419305086135864,"z":-0.10994420945644379,"w":0.8881664872169495},"size":2.4382541179656984,"orthographic":false}