{"cameraMode":{"drawMode":0,"name":"Shaded","section":"Shading Mode"},"sceneLighting":false,"audioPlay":false,"sceneViewState":{"m_AlwaysRefresh":false,"showFog":true,"showSkybox":false,"showFlares":true,"showImageEffects":true,"showParticleSystems":true,"showVisualEffectGraphs":true,"m_FxEnabled":true},"in2DMode":false,"pivot":{"x":0.0000019073486328125,"y":0.16353508830070496,"z":0.0000019073486328125},"rotation":{"x":0.2872660756111145,"y":0.3419305086135864,"z":-0.10994420945644379,"w":0.8881664872169495},"size":21.21384048461914,"orthographic":false}