{"cameraMode":{"drawMode":0,"name":"Shaded","section":"Shading Mode"},"sceneLighting":false,"audioPlay":false,"sceneViewState":{"m_AlwaysRefresh":false,"showFog":true,"showSkybox":false,"showFlares":true,"showImageEffects":true,"showParticleSystems":true,"showVisualEffectGraphs":true,"m_FxEnabled":true},"in2DMode":false,"pivot":{"x":0.0000019073486328125,"y":0.2645149827003479,"z":-0.00000476837158203125},"rotation":{"x":-0.02191506326198578,"y":-0.949566662311554,"z":0.3065203130245209,"w":-0.06527984142303467},"size":14.23660659790039,"orthographic":false}